,id,title,views,likes,comments,channelId,date
0,h_s7Ms_xYyI,Jeffrey Bezos,3858007,299211,15567,UC-lHJZR3Gqxm24_Vd_AJ5Yw,2021-07-27
1,AxRVqcAwzUE,How Pringles Is Made (Shocking) (HowItsMade #1),6963333,420711,12336,UC-lHJZR3Gqxm24_Vd_AJ5Yw,2021-07-26
2,wMGkB_t4BqA,Tik Toks That Makes You Wish You Never Came Into Existence [TIKTOK#12],3738661,267461,10147,UC-lHJZR3Gqxm24_Vd_AJ5Yw,2021-07-24
3,AVUBqm1GuKE,The Worlds Cheapest Date - TLC #26,5417847,223665,11578,UC-lHJZR3Gqxm24_Vd_AJ5Yw,2021-07-22
4,bN0vMB6jd3U,I Hate Weird Perspective... #94[REDDIT REVIEW] /r/confusing perspective,3568692,272686,7449,UC-lHJZR3Gqxm24_Vd_AJ5Yw,2021-07-21
5,H9FTkSqjYs8,Need help -  LWIAY #00167,2922457,249180,9349,UC-lHJZR3Gqxm24_Vd_AJ5Yw,2021-07-20
6,WJ1BPTrUylg,We Need To Stop This WomaN! - TLC #25,3409083,205258,12347,UC-lHJZR3Gqxm24_Vd_AJ5Yw,2021-07-19
7,CmXQcs-iScA,Top 10 Ways Humanity Goes BYE BYE ,4680872,357202,16874,UC-lHJZR3Gqxm24_Vd_AJ5Yw,2021-07-16
8,zBTO5HeHGYc,Top 10 Streamers Caught Cheating,6858151,458770,22148,UC-lHJZR3Gqxm24_Vd_AJ5Yw,2021-07-15
9,JSPf4KkNJko,Who Is Not A Middle Schooler? Jubilee React #20,2974319,193949,11096,UC-lHJZR3Gqxm24_Vd_AJ5Yw,2021-07-14
10,ygsAGKgD6Cs,Just Die Already with 19 year olds,2155951,54526,886,UC-lHJZR3Gqxm24_Vd_AJ5Yw,2021-07-14
11,BvmyJRoKtuo,Man Lives in his Jazucci... TLC #24,4566580,239137,10908,UC-lHJZR3Gqxm24_Vd_AJ5Yw,2021-07-13
12,v9bXJUWV0RY,Things Were Better Before.. *PROOF*,3447037,252548,7999,UC-lHJZR3Gqxm24_Vd_AJ5Yw,2021-07-12
13,kgzjX2H9zTQ,Tik Toks That Makes You Wanna Uninstall  [TIKTOK#11],4859896,340295,9414,UC-lHJZR3Gqxm24_Vd_AJ5Yw,2021-07-10
14,wZTryyGF0UY,The End Is Near -  LWIAY #00167,3479514,288859,8563,UC-lHJZR3Gqxm24_Vd_AJ5Yw,2021-07-07
15,bayWDY21dQ0,I Hate Optical Illusions.. #93[REDDIT REVIEW] /r/OpticalIllusions,4538398,330063,10078,UC-lHJZR3Gqxm24_Vd_AJ5Yw,2021-07-06
16,f38U8rfMlJU,Things Humans Were Never Meant To See...,3566447,269524,9288,UC-lHJZR3Gqxm24_Vd_AJ5Yw,2021-07-05
17,CNl_QTTk50o,Pewdiepie Minecraft Olympic Games,2623384,101612,2193,UC-lHJZR3Gqxm24_Vd_AJ5Yw,2021-07-04
18,pTcjuMm7yOw,BTS stan changes race to Korean..,5321574,445015,48805,UC-lHJZR3Gqxm24_Vd_AJ5Yw,2021-07-02
19,3peD1XtMg8g,Kids Obsessions Needs to be Stopped.. TLC #23,3751715,267251,18323,UC-lHJZR3Gqxm24_Vd_AJ5Yw,2021-07-01
20,4P61GK-aY6A,Tik Toks That Will Melt your Brain...  [TIKTOK#10],3658878,253088,7384,UC-lHJZR3Gqxm24_Vd_AJ5Yw,2021-06-30
21,DZD5laMuW8U,Reacting To Strangers Secrets,3637934,272370,8847,UC-lHJZR3Gqxm24_Vd_AJ5Yw,2021-06-29
22,LXuTeQZrUGM,I Trusted My Fans With This... -  LWIAY #00166,3260007,277127,10227,UC-lHJZR3Gqxm24_Vd_AJ5Yw,2021-06-23
23,YWvM3DsL_gI,YouTuber House Tour Review #1,5246610,350700,18533,UC-lHJZR3Gqxm24_Vd_AJ5Yw,2021-06-22
24,BEi_1aV6-TE,Tik Toks that makes you want to cancel nature..  [TIKTOK#9],5529452,346683,11176,UC-lHJZR3Gqxm24_Vd_AJ5Yw,2021-06-21
25,0GRsPTEG7Sk,"Brb,  The Army",1540389,57352,1234,UC-lHJZR3Gqxm24_Vd_AJ5Yw,2021-06-20
26,lrAWy7qBo9A,Can Two Married Men Spot Who Is Unmarried? Jubilee React #19,5504059,277207,11194,UC-lHJZR3Gqxm24_Vd_AJ5Yw,2021-06-20
27,8GU3jWgz3m4,NEVER Bring Your Minecraft Axolotl to the Nether....... - Minecraft Hardcore #20,5822749,370740,13589,UC-lHJZR3Gqxm24_Vd_AJ5Yw,2021-06-19
28,RrFMFwjNKxU,Playing best game ever made,4224970,92690,1843,UC-lHJZR3Gqxm24_Vd_AJ5Yw,2021-06-16
29,9N5cM8vyAWA,Thank You  -  LWIAY #00165,3745875,361409,16794,UC-lHJZR3Gqxm24_Vd_AJ5Yw,2021-06-16
30,ttjU9dNd4ZQ,top 8941 marketing fails OF ALL TIME XD,4150621,291472,10079,UC-lHJZR3Gqxm24_Vd_AJ5Yw,2021-06-15
31,BqZ8VrKxwfo,New Minecraft Update is a disaster.. - Minecraft Hardcore #19,6186611,456228,17486,UC-lHJZR3Gqxm24_Vd_AJ5Yw,2021-06-14
32,A2Gh4PBt9k4,Big Ed Returns With More Cringe Xd,6193486,371282,23019,UC-lHJZR3Gqxm24_Vd_AJ5Yw,2021-06-09
33,etS9Gr9wBW4,Tik Toks That Makes Me Laugh [TIKTOK#8],4043202,284494,7824,UC-lHJZR3Gqxm24_Vd_AJ5Yw,2021-06-08
34,ZLk0PQijNbA,I am being slandered online.. -  LWIAY #00164,3050500,267534,12035,UC-lHJZR3Gqxm24_Vd_AJ5Yw,2021-06-07
35,0-XhpZtobQE,Karen Compilation 4k Most Bruh Moment  2020,7606707,424809,22726,UC-lHJZR3Gqxm24_Vd_AJ5Yw,2021-06-05
36,eBUubfkc7kg,Strangers Rank Their Intelligence Is KARMA - Jubilee React #18,7684084,551203,37063,UC-lHJZR3Gqxm24_Vd_AJ5Yw,2021-06-04
37,3C5XALaTanA,What the new UFO Pentagon Footage Tells us..,3019535,301489,23665,UC-lHJZR3Gqxm24_Vd_AJ5Yw,2021-06-03
38,tyb5tY4SIVo,My Response to...  -  LWIAY #00163,4252581,317462,14181,UC-lHJZR3Gqxm24_Vd_AJ5Yw,2021-05-28
39,zTbnBMqdRHY,Are Ghosts Real? (Proof),6162244,355087,25399,UC-lHJZR3Gqxm24_Vd_AJ5Yw,2021-05-27
40,nX1C70DIlDw,Try Not To Get Satisfied Challenge  #92[REDDIT REVIEW],3747497,306480,10108,UC-lHJZR3Gqxm24_Vd_AJ5Yw,2021-05-26
41,G-fRWPmr2RA,Reacting to 6 Bros vs 1 Secret PewDiePie - Jubilee React #17,4001378,324437,9925,UC-lHJZR3Gqxm24_Vd_AJ5Yw,2021-05-25
42,NsODFmfyWfs,Funniest Tik Tok Of ALL TIME xD [TIKTOK#7],4743663,332812,9398,UC-lHJZR3Gqxm24_Vd_AJ5Yw,2021-05-24
43,34x9esCNld0,Reacting To My Wifes Favorite Clips - YLYL #0075,6252774,458054,12674,UC-lHJZR3Gqxm24_Vd_AJ5Yw,2021-05-21
44,o98oBUj_-IM,Someone found my old Reddit posts... its bad -  -  LWIAY #00162,3013596,265983,11052,UC-lHJZR3Gqxm24_Vd_AJ5Yw,2021-05-18
45,fjFL_44QFT0,64 Year Old Man Loved Balloons... Too Much - TLC #22,2820459,182716,9160,UC-lHJZR3Gqxm24_Vd_AJ5Yw,2021-05-17
46,uVNautEM2Ug,Biomutant - New Game LIVE,5706154,112142,2967,UC-lHJZR3Gqxm24_Vd_AJ5Yw,2021-05-16
47,ky3JxyxwND4,Tik Tok But Please Make it Stop [TIKTOK#6],4466599,334672,9600,UC-lHJZR3Gqxm24_Vd_AJ5Yw,2021-05-14
48,aU8YGoH8rLw,Reacting To The Worlds Biggest House  ($500 000 000),7075719,331795,24548,UC-lHJZR3Gqxm24_Vd_AJ5Yw,2021-05-13
49,Nr0h7H-EOmU,Resident Evil 8 Village #6 / Surprisingly Good Ending!,3235449,117466,5174,UC-lHJZR3Gqxm24_Vd_AJ5Yw,2021-05-12
50,9vB-48kHbBU,I Built A Giant House Using Only Legos,59402702,1005433,50796,UCX6OQ3DkcsbYNE6H8uQQuVA,2018-12-02
51,3ix_gbcubTo,"Last To Leave Slime Pit Wins $20,000 - Challenge",92052131,1755242,71253,UCX6OQ3DkcsbYNE6H8uQQuVA,2018-11-30
52,mGIpOtncmSM,"Saying Pewdiepie 100,000 Times",23516964,1592093,174993,UCX6OQ3DkcsbYNE6H8uQQuVA,2018-11-25
53,VqnQ-0q2gb4,Destroyed Friend's House And Bought Him A New One,40638123,1073815,70388,UCX6OQ3DkcsbYNE6H8uQQuVA,2018-11-24
54,3TflpIllQHY,I Put 100 Million Orbeez In My Friend's Backyard,168106046,4343002,138174,UCX6OQ3DkcsbYNE6H8uQQuVA,2018-11-22
55,1SwVSTKFCsc,"Spending $40,000 In One Hour Challenge",42406305,905544,56600,UCX6OQ3DkcsbYNE6H8uQQuVA,2018-11-17
56,ZPuEUe_8SRM,"Giving My 10,000,000th Subscriber 10,000,000 ___",24546370,675886,32431,UCX6OQ3DkcsbYNE6H8uQQuVA,2018-11-13
57,gKVZz4kcuns,"$10,000 Games Of Rock Paper Scissors",17771854,504802,26039,UCX6OQ3DkcsbYNE6H8uQQuVA,2018-11-04
58,nywT2SenPIo,"Last To Remove Hand, Gets Lamborghini Challenge",72821089,1458317,75283,UCX6OQ3DkcsbYNE6H8uQQuVA,2018-11-02
59,xBP9EUQIkNs,"You Pick The Right Cup, You Win $100,000!",35454394,973124,36743,UCX6OQ3DkcsbYNE6H8uQQuVA,2018-10-28
60,qZNxvnQv0h4,I Bought Every Billboard In My City For This,37494869,1311058,111681,UCX6OQ3DkcsbYNE6H8uQQuVA,2018-10-26
61,uE6gud1voDs,"Ordering Water Then Tipping $30,000",41743053,1123757,47730,UCX6OQ3DkcsbYNE6H8uQQuVA,2018-10-23
62,f0M64XpmTz8,"I Spent $50,000 On Lottery Tickets And Won ____",30145134,740475,34912,UCX6OQ3DkcsbYNE6H8uQQuVA,2018-10-19
63,Gz3yak1cl-8,"Last To Leave Circle Wins $10,000 - Challenge",79887735,1394035,60405,UCX6OQ3DkcsbYNE6H8uQQuVA,2018-10-12
64,9GD6hbqu2oM,I Spent 24 Hours Straight In Slime,39655977,895784,34351,UCX6OQ3DkcsbYNE6H8uQQuVA,2018-10-09
65,GUWGsIVEMSQ,"Surprising Tfue With $10,000 Live - Fortnite",68038593,1446112,47980,UCX6OQ3DkcsbYNE6H8uQQuVA,2018-10-04
66,wDqJZ_2ZA3A,"I Spent $30,000 On Lottery Tickets And Won ____",16743226,421207,22921,UCX6OQ3DkcsbYNE6H8uQQuVA,2018-09-28
67,RywkkwO78m8,Flat Earth PROVEN By Independent Research,26394241,769301,140708,UCX6OQ3DkcsbYNE6H8uQQuVA,2018-09-22
68,P4qWhSZ7_WA,Things That SHOULDN'T Be Sold On Amazon,98441918,1540477,51808,UCX6OQ3DkcsbYNE6H8uQQuVA,2018-09-21
69,UlUcwJc5nBs,"Surprising My 8,000,000th Subscriber With 8,000,000 ___",27119937,482155,19095,UCX6OQ3DkcsbYNE6H8uQQuVA,2018-09-19
70,qAW6CE7_bFM,"I Donated $25,000 To Random Kids Streaming Fortnite",61085038,1257985,40820,UCX6OQ3DkcsbYNE6H8uQQuVA,2018-09-14
71,tBEBc4KQVsU,I Hope This Magic Trick Works,41421421,704972,20025,UCX6OQ3DkcsbYNE6H8uQQuVA,2018-09-11
72,q0OK-zHnvnA,Can A Glowing 1000 Degree Sword Slice A Car In Half?,64634915,1064094,39219,UCX6OQ3DkcsbYNE6H8uQQuVA,2018-09-06
73,bFZdU9dr4OM,Rocket League In Real Life!,27249819,525174,16814,UCX6OQ3DkcsbYNE6H8uQQuVA,2018-09-01
74,nd-bwvNB7YA,Destroying My Friend's Car And Surprising Him With A New One - Slime,91883127,2064317,65785,UCX6OQ3DkcsbYNE6H8uQQuVA,2018-08-28
75,6_im_hGxGRk,Spending 24 Hours Straight Under Water Challenge,103984527,2723908,105479,UCX6OQ3DkcsbYNE6H8uQQuVA,2018-08-24
76,b91vrgVY-ZQ,"Attempting The Impossible Maze - $10,000 Challenge",52585361,981089,33132,UCX6OQ3DkcsbYNE6H8uQQuVA,2018-08-15
77,52ubXjlVzUY,"Donating $100,000 To A Random Fortnite Streamer",50601471,1073644,51637,UCX6OQ3DkcsbYNE6H8uQQuVA,2018-08-05
78,XHb7g6yuGgE,Moving 10 Pounds Using ONLY Sound,43277194,1182739,51387,UCX6OQ3DkcsbYNE6H8uQQuVA,2018-08-02
79,rH1D_3G56DY,Returning Destroyed Rental Cars Prank,33175589,552326,17799,UCX6OQ3DkcsbYNE6H8uQQuVA,2018-07-27
80,-0zoWMSEOGg,"I Gave My 6,000,000th Subscriber 6,000,000 ____",16353062,378801,33386,UCX6OQ3DkcsbYNE6H8uQQuVA,2018-07-25
81,WRzIuC2MKOU,"Can 1,000 Fans At Max Speed Push A Car?",24431911,543930,37492,UCX6OQ3DkcsbYNE6H8uQQuVA,2018-07-17
82,foLlul8Tl3E,"I Donated $50,000 To Ninja - Fortnite",93502423,2093709,62475,UCX6OQ3DkcsbYNE6H8uQQuVA,2018-07-14
83,3iaDrpKdaIc,I Ubered Random People In A Tank,27870514,791268,45142,UCX6OQ3DkcsbYNE6H8uQQuVA,2018-07-11
84,qrIh-ZHN4-E,World's Hottest Substance Vs Coldest Substance,83218807,1542914,54569,UCX6OQ3DkcsbYNE6H8uQQuVA,2018-06-30
85,mpZWt5pGKZ8,The Real Way Dinosaurs Went Extinct,25626110,712937,44522,UCX6OQ3DkcsbYNE6H8uQQuVA,2018-06-28
86,vbph9F_pRNI,I Donated $1000 Every Time She Blinked - Fortnite Streamers,20458120,620559,25469,UCX6OQ3DkcsbYNE6H8uQQuVA,2018-06-24
87,XE9pUM9MEFA,I Built A Working Car Using Only LEGOS,68141280,1566265,102726,UCX6OQ3DkcsbYNE6H8uQQuVA,2018-06-23
88,wbzD04leeLI,Do Water Repellent Shoes Actually Work?,104201579,1535110,65266,UCX6OQ3DkcsbYNE6H8uQQuVA,2018-06-22
89,MC5h-ShR-S8,"We Drove 3,000 Miles For The World's Best Burger",49863906,1173091,97853,UCX6OQ3DkcsbYNE6H8uQQuVA,2018-06-09
90,dp8IaLrZpGs,"I Gave My 5,000,000th Subscriber 5,000,000 ______",11018388,291723,19759,UCX6OQ3DkcsbYNE6H8uQQuVA,2018-06-08
91,97Gh93Daio0,I Made Money Grow On Trees,16736811,425323,37632,UCX6OQ3DkcsbYNE6H8uQQuVA,2018-06-01
92,t4OumncEiKo,I Took Apart My Friends Car And Put It In His Room,15293025,306842,12499,UCX6OQ3DkcsbYNE6H8uQQuVA,2018-05-25
93,Ejou8aa5eZk,How Many Rubber Bands Does It Take To Snap A Safe?,35642356,890347,46267,UCX6OQ3DkcsbYNE6H8uQQuVA,2018-05-22
94,ehEuczQUh8E,Pulling Cars Over Using A Toy Police Car,23849727,535031,19468,UCX6OQ3DkcsbYNE6H8uQQuVA,2018-05-13
95,uBC7805Smsg,"I Gave $500,000 To Random People",13588259,419777,31816,UCX6OQ3DkcsbYNE6H8uQQuVA,2018-05-11
96,d8pJkuSp1iI,How Many Toy Cars Does It Take To Pull A Real Car?,38818614,727789,27536,UCX6OQ3DkcsbYNE6H8uQQuVA,2018-05-04
97,dFr5YQaQQdo,"I Gave $20,000 To People From An Ice Cream Truck",14399896,342615,21799,UCX6OQ3DkcsbYNE6H8uQQuVA,2018-05-02
98,xBLxMfO3pDw,$10000 Ice Sculpture Vs Flame,22721618,490986,31163,UCX6OQ3DkcsbYNE6H8uQQuVA,2018-05-01
99,d7QmQtNwhcU,"Can 1,000 Rolls Of Duct Tape Stop A Car??",25831091,534114,25360,UCX6OQ3DkcsbYNE6H8uQQuVA,2018-04-30
100,5_d-ON4ktkc,Giant Basketball Trick Shots | Dude Perfect,30595065,488082,36814,UCRijo3ddMTht_IHyNSNXpNQ,2017-05-15
101,HKuCPqUpp4s,Stunt Driving Battle | Dude Perfect,63851438,1900817,35679,UCRijo3ddMTht_IHyNSNXpNQ,2017-05-01
102,th2T6rygqNU,Giant Sumo Battle | Dude Perfect,94167007,1810555,113613,UCRijo3ddMTht_IHyNSNXpNQ,2017-04-17
103,UeG1ftTmLAg,Ping Pong Trick Shots 3 | Dude Perfect,317145455,6482523,621271,UCRijo3ddMTht_IHyNSNXpNQ,2017-04-03
104,nhL3vSVlvFo,Dude Perfect vs. Power Rangers,43950748,479753,18969,UCRijo3ddMTht_IHyNSNXpNQ,2017-03-20
105,evXDnRpgolc,Virtual Reality Battle | Dude Perfect,50541996,521862,17354,UCRijo3ddMTht_IHyNSNXpNQ,2017-03-06
106,ofyyJWHnEPM,Pool Trick Shots 2 |  Dude Perfect,82966253,1133374,50263,UCRijo3ddMTht_IHyNSNXpNQ,2017-02-20
107,SOk-KVq-O1I,World Record Edition 2 | Dude Perfect,39043373,528263,27210,UCRijo3ddMTht_IHyNSNXpNQ,2017-02-06
108,QWV3cEI-zoE,Epic Trick Shot Battle 3 | Dude Perfect,61662239,693068,22817,UCRijo3ddMTht_IHyNSNXpNQ,2017-01-30
109,kxgB2-ZpZeY,Dude Perfect Rewind 2016,11978515,288254,19501,UCRijo3ddMTht_IHyNSNXpNQ,2017-01-02
110,xPxbrHMHgNE,Editor Edition | Dude Perfect,29087765,666437,21991,UCRijo3ddMTht_IHyNSNXpNQ,2016-12-19
111,YwabP6B_UkE,Extreme Weather Golf Battle | Dude Perfect,42322238,417021,29603,UCRijo3ddMTht_IHyNSNXpNQ,2016-12-05
112,8YydogFXCPM,Flip Edition | Dude Perfect,169396591,1983383,89885,UCRijo3ddMTht_IHyNSNXpNQ,2016-11-21
113,LAbXD3sx3fc,Drone Hunting Battle | Dude Perfect,71483462,723208,32957,UCRijo3ddMTht_IHyNSNXpNQ,2016-11-07
114,779akDPBNYc,DPHQ2 Trick Shots | Dude Perfect,56272643,711307,159645,UCRijo3ddMTht_IHyNSNXpNQ,2016-10-31
115,rdfC6XwXTW0,Giant Warship Battle | Dude Perfect,108914492,974679,34356,UCRijo3ddMTht_IHyNSNXpNQ,2016-10-17
116,09Z9tbJLkCE,Metal Detector Battle | Dude Perfect,66107166,615463,24979,UCRijo3ddMTht_IHyNSNXpNQ,2016-10-10
117,gpe4kNlRcmE,Trampoline Charades Battle | Dude Perfect,36960307,379413,34025,UCRijo3ddMTht_IHyNSNXpNQ,2016-09-26
118,4o1PTcoZbKQ,Giant Nerf Trick Shots | Dude Perfect,80594597,887264,164000,UCRijo3ddMTht_IHyNSNXpNQ,2016-09-12
119,dFLj3DeKT-E,Shotgun Trick Shots | Dude Perfect,56758375,933373,49776,UCRijo3ddMTht_IHyNSNXpNQ,2016-08-29
120,CAUO3YGvqnU,Endless Ducker Battle | Dude Perfect,31770585,271924,35297,UCRijo3ddMTht_IHyNSNXpNQ,2016-08-15
121,jC9l0_NClrY,DP vs NFL Battle | Dude Perfect,37353488,335899,13296,UCRijo3ddMTht_IHyNSNXpNQ,2016-08-01
122,P8V_bx0L4RY,Water Bottle Flip Edition | Dude Perfect,122500617,1732669,100780,UCRijo3ddMTht_IHyNSNXpNQ,2016-07-18
123,Gq59egL20dg,Blitzball Trick Shots 2 | Dude Perfect,38582629,400849,19085,UCRijo3ddMTht_IHyNSNXpNQ,2016-07-04
124,xmEI_HZS64U,Drone Racing Battle | Dude Perfect,23402232,265416,23277,UCRijo3ddMTht_IHyNSNXpNQ,2016-06-06
125,dzA8_7X9uLQ,Tennis Trick Shots ft. Serena Williams | Dude Perfect,36085727,499333,83350,UCRijo3ddMTht_IHyNSNXpNQ,2016-05-23
126,gm2_6DX_0Bw,World Record Edition | Dude Perfect,125901848,1949851,83559,UCRijo3ddMTht_IHyNSNXpNQ,2016-05-16
127,t3P1p6vF_CY,Lawnmower Racing Battle | Dude Perfect,39444838,361508,26101,UCRijo3ddMTht_IHyNSNXpNQ,2016-05-02
128,t8I_GRa_h-o,Giant Pictionary Battle | Dude Perfect,47240567,398472,131184,UCRijo3ddMTht_IHyNSNXpNQ,2016-04-18
129,nZbFkgGtdhw,Golf Trick Shots | Dude Perfect,27394883,266196,14659,UCRijo3ddMTht_IHyNSNXpNQ,2016-04-04
130,UnTPrYdGdkg,Softball Stereotypes,80352875,621058,39291,UCRijo3ddMTht_IHyNSNXpNQ,2016-03-21
131,oKbUSJr1A64,Giant Nerf Edition | Dude Perfect,84389578,782766,34286,UCRijo3ddMTht_IHyNSNXpNQ,2016-03-07
132,IJq4vWADtfs,Bass Pro Edition | Dude Perfect,37253418,341782,21576,UCRijo3ddMTht_IHyNSNXpNQ,2016-02-22
133,QuncAUHpl-8,Giant Basketball Arcade Battle | Dude Perfect,91739127,658904,35783,UCRijo3ddMTht_IHyNSNXpNQ,2016-02-08
134,cZ85wy9fZO0,Mountain Top Snow Battle | Dude Perfect,34624043,340915,30063,UCRijo3ddMTht_IHyNSNXpNQ,2016-02-01
135,L4aBqvbP_MM,Soccer Trick Shots | Dude Perfect,92321352,887775,40230,UCRijo3ddMTht_IHyNSNXpNQ,2016-01-18
136,XTDR_4VXbBI,Make-A-Wish Edition | Dude Perfect,29727253,543548,40926,UCRijo3ddMTht_IHyNSNXpNQ,2016-01-04
137,gfM0_ngx0zU,Chris Paul & Aaron Rodgers Edition | Dude Perfect,25323849,259270,14368,UCRijo3ddMTht_IHyNSNXpNQ,2015-12-22
138,4QfyFqwan4o,Archery Kart Battle ft. Luke Bryan | Dude Perfect,35629129,316519,16532,UCRijo3ddMTht_IHyNSNXpNQ,2015-12-14
139,ym9E1YG3_QQ,RC Edition | Dude Perfect,206944057,1419151,31637,UCRijo3ddMTht_IHyNSNXpNQ,2015-12-07
140,1BjgBoummtE,Snow Sports Battle | Dude Perfect,35455256,293800,17218,UCRijo3ddMTht_IHyNSNXpNQ,2015-11-23
141,0HefV4XQFcc,Blitzball Trick Shots | Dude Perfect,28297644,229707,11203,UCRijo3ddMTht_IHyNSNXpNQ,2015-10-29
142,dlOPwVsI-O4,Bubble Gum Blowing Battle | Dude Perfect,89679279,640570,29009,UCRijo3ddMTht_IHyNSNXpNQ,2015-10-19
143,M9gFRXw5-kI,Hunting Stereotypes,100695211,747750,27397,UCRijo3ddMTht_IHyNSNXpNQ,2015-10-05
144,UpMLVDma-4Q,Slip and Slide Football Battle | Dude Perfect,64699524,513407,41463,UCRijo3ddMTht_IHyNSNXpNQ,2015-09-28
145,KetL43-xE8o,Tailgating Trick Shots | Dude Perfect,18924729,165014,7969,UCRijo3ddMTht_IHyNSNXpNQ,2015-09-07
146,jgnVsuKY3oM,Plastic Golf Club Battle | Dude Perfect,80974335,497768,23330,UCRijo3ddMTht_IHyNSNXpNQ,2015-08-24
147,Vzv40VWL5ho,Driving Stereotypes ft. Dale Jr,133621325,916033,39644,UCRijo3ddMTht_IHyNSNXpNQ,2015-08-17
148,DJFK43xpEZk,Nerf Blasters Battle | Dude Perfect,70905307,525031,22018,UCRijo3ddMTht_IHyNSNXpNQ,2015-08-10
149,ZTkHLduj_FU,Paintball Trick Shots | Dude Perfect,23352195,213360,9196,UCRijo3ddMTht_IHyNSNXpNQ,2015-07-27
150,WmRtRlpPAYI,Five Nights at Freddy's: Security Breach - Part 6,12664374,517321,28491,UC7_YxT-KID8kRbqZo7MyscQ,2021-12-22
151,B7Ofs53h3E8,Five Nights at Freddy's: Security Breach - Part 5,14500347,542891,35535,UC7_YxT-KID8kRbqZo7MyscQ,2021-12-21
152,aWNfj7TpTnI,Five Nights at Freddy's: Security Breach - Part 4,14776879,561115,25091,UC7_YxT-KID8kRbqZo7MyscQ,2021-12-20
153,mz9XwK779PE,Five Nights at Freddy's: Security Breach - Part 3,16144934,621281,24058,UC7_YxT-KID8kRbqZo7MyscQ,2021-12-19
154,jpaOFkOqmvY,Five Nights at Freddy's: Security Breach - Part 2,18365474,714620,27973,UC7_YxT-KID8kRbqZo7MyscQ,2021-12-18
155,ClQ-ymoXJZc,Five Nights at Freddy's: Security Breach - Part 1,30742830,1108240,46337,UC7_YxT-KID8kRbqZo7MyscQ,2021-12-17
156,J3gWVQZF07c,3 SCARY GAMES #79,3421799,169232,6358,UC7_YxT-KID8kRbqZo7MyscQ,2021-12-15
157,cG26jVrue6k,Happy’s Humble Burger Farm,5051949,195901,5826,UC7_YxT-KID8kRbqZo7MyscQ,2021-12-14
158,cuJ1kHotED8,Inscryption - Part 5,3099694,161274,5647,UC7_YxT-KID8kRbqZo7MyscQ,2021-12-13
159,i2nUF7mfuZ8,Everything has to begin.,2277023,201138,10672,UC7_YxT-KID8kRbqZo7MyscQ,2021-12-12
160,6bKdUORSEqE,HEY YOU!!,1795102,150521,2837,UC7_YxT-KID8kRbqZo7MyscQ,2021-12-12
161,V7WdPpqu9Q8,Happy Game,5470751,228662,9468,UC7_YxT-KID8kRbqZo7MyscQ,2021-12-10
162,gUGuU4aFHQ4,Rogue Legacy 2,2156318,92977,2877,UC7_YxT-KID8kRbqZo7MyscQ,2021-12-10
163,E5MHEf5USUM,The Mortuary Assistant,4679492,193827,6039,UC7_YxT-KID8kRbqZo7MyscQ,2021-12-08
164,C3NZLqRI06A,Inscryption - Part 4,3952661,157818,7901,UC7_YxT-KID8kRbqZo7MyscQ,2021-12-07
165,P1JpRdeVC1A,Claytown Horror,2475121,129449,3551,UC7_YxT-KID8kRbqZo7MyscQ,2021-12-06
166,zsGmYaVc9hU,Inscryption - Part 3,3853806,168945,8298,UC7_YxT-KID8kRbqZo7MyscQ,2021-11-30
167,F4S2cALnxNg,Maple County,5623459,308409,14072,UC7_YxT-KID8kRbqZo7MyscQ,2021-11-28
168,NDGdfwQCpXs,Inscryption - Part 2,3895217,175962,7153,UC7_YxT-KID8kRbqZo7MyscQ,2021-11-25
169,S8ZueERWPH0,BIGFOOT KNOWS NO MERCY!!,4099261,166022,3751,UC7_YxT-KID8kRbqZo7MyscQ,2021-11-23
170,G1lwWcXnDeg,THIS MAN WILL CONSUME THE WORLD | Myth of Empires,2518723,114608,4663,UC7_YxT-KID8kRbqZo7MyscQ,2021-11-22
171,VxW84qnvZEc,Inscryption,6704484,284378,10297,UC7_YxT-KID8kRbqZo7MyscQ,2021-11-21
172,5yK5NxHhAnA,60 Seconds! REATOMIZED,5901285,243608,6130,UC7_YxT-KID8kRbqZo7MyscQ,2021-11-20
173,_wtKe9Fq-eQ,BIGFOOT is BACK,5246587,218939,5651,UC7_YxT-KID8kRbqZo7MyscQ,2021-11-18
174,xinYwsqb1P0,3 SCARY GAMES #78,4719122,220695,8227,UC7_YxT-KID8kRbqZo7MyscQ,2021-11-17
175,y4_GB3_Loi0,ILASWPARSGFMTP #2,2612223,147223,6047,UC7_YxT-KID8kRbqZo7MyscQ,2021-11-15
176,twvf_OsOo-o,Memento Mori,3675507,543714,41778,UC7_YxT-KID8kRbqZo7MyscQ,2021-11-14
177,yZ9TTSn0lhQ,I Can Explain...,2065687,142460,5070,UC7_YxT-KID8kRbqZo7MyscQ,2021-11-13
178,ZMNaJfzUqS8,SNAAAAAAAAAAIL!!! | Half Dead 3,4504454,155445,3847,UC7_YxT-KID8kRbqZo7MyscQ,2021-11-12
179,uk8Rhgw2jg8,3 SCARY GAMES #77,4843343,195590,7009,UC7_YxT-KID8kRbqZo7MyscQ,2021-11-11
180,_8_kHyWjFgE,WE WIN! YOU LOSE!! | Haunt Chaser,2117371,104568,3107,UC7_YxT-KID8kRbqZo7MyscQ,2021-11-07
181,qtqPung9G4Y,EVERYTHING WILL KILL YOU | Shut In,8345854,244379,8782,UC7_YxT-KID8kRbqZo7MyscQ,2021-11-05
182,vvDMS22vwuo,ROFLEEMO MY BELOVED!! | Voidtrain,2141532,107252,3218,UC7_YxT-KID8kRbqZo7MyscQ,2021-11-03
183,BobTSkR6LgE,INTO THE BASEMENT... | Haunt Chaser,2273936,97603,2387,UC7_YxT-KID8kRbqZo7MyscQ,2021-11-02
184,j69BNb7bbNY,HuniePop 2: MEGA EPISODE,4598081,161696,13997,UC7_YxT-KID8kRbqZo7MyscQ,2021-11-01
185,2iBClIJd6gQ,Back 4 Blood,3923149,125924,4261,UC7_YxT-KID8kRbqZo7MyscQ,2021-10-30
186,d04HPPK-ZeQ,"WORKING ""PERFECTLY"" | Voidtrain",2090831,102772,2773,UC7_YxT-KID8kRbqZo7MyscQ,2021-10-27
187,3jhOK-FzQHU,HE'S RIGHT BEHIND YOU!! | Haunt Chaser,2848629,129108,3284,UC7_YxT-KID8kRbqZo7MyscQ,2021-10-25
188,-2tkPwJc_Nw,NOW WITH MORE IDIOTS | Voidtrain,3185023,145902,3950,UC7_YxT-KID8kRbqZo7MyscQ,2021-10-22
189,cBXdLCWRUk8,Alchemist Simulator,3253891,177492,7021,UC7_YxT-KID8kRbqZo7MyscQ,2021-10-21
190,RKQGRPoDV_I,Poppy Playtime,18630162,707394,29477,UC7_YxT-KID8kRbqZo7MyscQ,2021-10-20
191,UGnMb5vnpDY,Tealerland,4254005,215694,8711,UC7_YxT-KID8kRbqZo7MyscQ,2021-10-19
192,NAXhz1GPBcw,Lawn Mowing Simulator,3274917,143406,7181,UC7_YxT-KID8kRbqZo7MyscQ,2021-10-17
193,BUHRUezih4s,Kyle is Famous,2476546,144496,5687,UC7_YxT-KID8kRbqZo7MyscQ,2021-10-15
194,XCuui9_-u4o,BILLIONS OF ZOMBIES,2778726,133517,6102,UC7_YxT-KID8kRbqZo7MyscQ,2021-10-14
195,wp5vAdUf9ME,WELL THAT'S TERRIFYING... | Bloodwash,4586222,191713,12776,UC7_YxT-KID8kRbqZo7MyscQ,2021-10-13
196,2i31axJ1L9E,3 SCARY GAMES #76,4165584,192873,7752,UC7_YxT-KID8kRbqZo7MyscQ,2021-10-11
197,LW2Wr3GB4XI,Prison Simulator,3912044,148084,5407,UC7_YxT-KID8kRbqZo7MyscQ,2021-10-09
198,5gFeKePa8c0,Gas Station Simulator,6180258,239322,9715,UC7_YxT-KID8kRbqZo7MyscQ,2021-10-08
199,n_zQR6c3Dfk,3 SCARY GAMES #75,4686248,195945,7909,UC7_YxT-KID8kRbqZo7MyscQ,2021-10-06
200,ij6ghjhI0mQ,School Tik Toks I Watch Instead Of Doing Homework,13503262,171447,7043,UCpB959t8iPrxQWj7G6n0ctQ,2022-03-27
201,U5oPpScEs3o,People Having A Worse Day Than You,17186039,282434,11083,UCpB959t8iPrxQWj7G6n0ctQ,2022-03-26
202,uAARFrVDziU,People Who Didn't Get What They Expected...,6391238,141635,4927,UCpB959t8iPrxQWj7G6n0ctQ,2022-03-25
203,IHceULrWd5U,Tik Toks That Are Actually Relatable,12767352,209230,8312,UCpB959t8iPrxQWj7G6n0ctQ,2022-03-24
204,8piD4syO-Qs,Tik Toks That Feel ILLEGAL But Aren't,11434951,135401,6823,UCpB959t8iPrxQWj7G6n0ctQ,2022-03-23
205,EZEvuuwyxc8,Tik Toks I Really Can't Explain...,5346071,121138,6418,UCpB959t8iPrxQWj7G6n0ctQ,2022-03-22
206,ItmxKoAC1A4,I'm 13 And My Mom Treats Me Like I'm 30,6567357,168126,6512,UCpB959t8iPrxQWj7G6n0ctQ,2022-03-21
207,pp4fdC9m3ZA,Creative People On Another Level,7782892,152046,5019,UCpB959t8iPrxQWj7G6n0ctQ,2022-03-20
208,FZQr3nCy2mU,Karens That Will Ruin Your Day,8721681,192368,10121,UCpB959t8iPrxQWj7G6n0ctQ,2022-03-19
209,UeWpN335lUw,Funniest Parents On Tik Tok,12126001,187304,6084,UCpB959t8iPrxQWj7G6n0ctQ,2022-03-18
210,9v6XQ--Z2AI,Creepy Tik Toks You Should NOT Watch At Night,5922956,126575,8897,UCpB959t8iPrxQWj7G6n0ctQ,2022-03-17
211,dRVyg2Bq_6s,Tik Tok Animations That Get Weird...,6747259,146950,5272,UCpB959t8iPrxQWj7G6n0ctQ,2022-03-16
212,8uvIFmRGulc,Try Not To Get Uncomfortable Challenge (Impossible),7008278,149350,5478,UCpB959t8iPrxQWj7G6n0ctQ,2022-03-15
213,UMt-zPeyqbk,Mom Forces Daughter To Marry Rich Guy,3879612,106820,5418,UCpB959t8iPrxQWj7G6n0ctQ,2022-03-14
214,D9KhKT7JU6c,Most Oddly Satisfying Video to watch before sleep,8773049,158436,5917,UCpB959t8iPrxQWj7G6n0ctQ,2022-03-13
215,0bWR7nzorb8,People Who Didn't See It Coming,9062676,145512,5967,UCpB959t8iPrxQWj7G6n0ctQ,2022-03-12
216,prtFzL995eI,Cool Things I Learned On Tik Tok,6880909,142488,5271,UCpB959t8iPrxQWj7G6n0ctQ,2022-03-11
217,_LGRwegnEyA,How Paper Is Made From Trees,2975882,96760,3853,UCpB959t8iPrxQWj7G6n0ctQ,2022-03-10
218,NKgUZp9BxoA,Tik Tok Pranks That Will Make Karen Call The Cops,6070113,147472,3451,UCpB959t8iPrxQWj7G6n0ctQ,2022-03-08
219,_lML45P_KeI,Woman Ruins Gender Reveal Party,10783986,191025,7519,UCpB959t8iPrxQWj7G6n0ctQ,2022-03-07
220,Dml9_qVoSO4,Creative People On Another Level,6453449,135983,5570,UCpB959t8iPrxQWj7G6n0ctQ,2022-03-06
221,JVJxSbcaTCA,Funny Tik Toks I Watch On The Toilet,11459992,205673,9096,UCpB959t8iPrxQWj7G6n0ctQ,2022-03-05
222,c8XcCfVGD2o,People Having A Worse Day Than You,6955135,153376,7124,UCpB959t8iPrxQWj7G6n0ctQ,2022-03-04
223,6RGjxwXvohQ,Design Fails So Bad It's Actually Funny,5252161,138874,5603,UCpB959t8iPrxQWj7G6n0ctQ,2022-03-03
224,m881AHiY50c,Wholesome Tik Toks That Will Make Your Day,14976636,216373,7549,UCpB959t8iPrxQWj7G6n0ctQ,2022-03-02
225,GoU-RQ53l3o,Cool Things You Have NEVER Seen Before,7064857,156385,6855,UCpB959t8iPrxQWj7G6n0ctQ,2022-03-01
226,4SZBpGzwRcc,Fake Homeless Person Gets Caught,4934509,127682,4645,UCpB959t8iPrxQWj7G6n0ctQ,2022-02-28
227,bIU9CdCZrhg,Cool Gadgets Tik Tok Made Me Buy,12339213,179463,6056,UCpB959t8iPrxQWj7G6n0ctQ,2022-02-27
228,xJP7o4lR680,Tik Toks Only Girls Will Understand,9646434,212856,7604,UCpB959t8iPrxQWj7G6n0ctQ,2022-02-26
229,bRojvE1ztpA,Embarrassing Tik Toks That Should Have Stayed In The Drafts,14480781,253952,9950,UCpB959t8iPrxQWj7G6n0ctQ,2022-02-25
230,KJRFcZ4w3OE,Lucky People Who Avoided Close Calls,8659716,178268,6210,UCpB959t8iPrxQWj7G6n0ctQ,2022-02-24
231,hgttXamIZIM,Nail Art That Has Gone Too Far,4554934,113708,5609,UCpB959t8iPrxQWj7G6n0ctQ,2022-02-23
232,nq-Kd1kA_jg,People Who Were Very Unlucky,5006496,125037,5605,UCpB959t8iPrxQWj7G6n0ctQ,2022-02-22
233,nm9lIoMtJ5I,Creative People On Another Level,6501027,130559,5011,UCpB959t8iPrxQWj7G6n0ctQ,2022-02-20
234,RWfBGNK6N-g,Cursed Tik Toks I Regret Watching,7084524,150532,9323,UCpB959t8iPrxQWj7G6n0ctQ,2022-02-19
235,8lGXIE-T8kg,Tik Toks That Will Get You In Big Trouble,13036575,213045,6482,UCpB959t8iPrxQWj7G6n0ctQ,2022-02-18
236,5SZV7zzAhRo,Karens That Think They're Smart,12166922,224586,9171,UCpB959t8iPrxQWj7G6n0ctQ,2022-02-17
237,-B8ecXOY8Lw,Everyday Objects Cut In Half,6721646,148340,4856,UCpB959t8iPrxQWj7G6n0ctQ,2022-02-16
238,l2369sJamz4,TikToks That Passed The Vibe Check,6874738,187561,4838,UCpB959t8iPrxQWj7G6n0ctQ,2022-02-15
239,RYsKXszInVI,Students Make Fun Of SHORT Teacher,13847692,243371,11095,UCpB959t8iPrxQWj7G6n0ctQ,2022-02-14
240,WOEh8yxW0JU,Most Oddly Satisfying Video to watch before sleep,9033548,181755,6989,UCpB959t8iPrxQWj7G6n0ctQ,2022-02-13
241,b9OpnFNDhh0,Tik Toks I Watch Instead Of Sleeping,14263863,218242,8579,UCpB959t8iPrxQWj7G6n0ctQ,2022-02-12
242,bx4OQJpvvOs,Tik Toks That Are Actually Relatable,15638192,237792,10825,UCpB959t8iPrxQWj7G6n0ctQ,2022-02-11
243,TRfXrXNIUhw,Dumbest People On Tik Tok,12816455,184356,9310,UCpB959t8iPrxQWj7G6n0ctQ,2022-02-10
244,qx7boeUxxFM,I Found HUGGY WUGGY On Omegle,5920120,173631,11816,UCpB959t8iPrxQWj7G6n0ctQ,2022-02-09
245,xBav1smLv4U,Weird Hacks That Actually Work,8277483,171614,5230,UCpB959t8iPrxQWj7G6n0ctQ,2022-02-08
246,B8hhn6dQxQ4,Most Creative People I Found On Tik Tok,10703410,189336,7888,UCpB959t8iPrxQWj7G6n0ctQ,2022-02-06
247,W6pXccvt49Y,Tik Tok Pranks That Will Ruin Your Day,8661757,177457,5439,UCpB959t8iPrxQWj7G6n0ctQ,2022-02-05
248,Uv1MwF6YaZc,Tik Toks That Feel ILLEGAL To Watch,7194575,147646,6580,UCpB959t8iPrxQWj7G6n0ctQ,2022-02-04
249,725Cs96re9s,The Most Expensive RV In The World,3074406,111347,4341,UCpB959t8iPrxQWj7G6n0ctQ,2022-02-03
250,yJ8iYWT_6WA,Why Is This So SCARY | The Mandela Catalogue,3750221,190938,10994,UCYzPXprvl5Y-Sf0g4vX-m6g,2021-12-13
251,WDPaT7mj3j0,"Building 1,000 Houses LIVE",2705539,153317,1825,UCYzPXprvl5Y-Sf0g4vX-m6g,2021-12-12
252,vIxUrwcmdo8,Did Tom Holland and Zendaya Remember Me?,6037458,493549,7755,UCYzPXprvl5Y-Sf0g4vX-m6g,2021-12-10
253,g5vsbWlK2co,MILDLY INFURIATING #2,3631916,192513,7379,UCYzPXprvl5Y-Sf0g4vX-m6g,2021-12-08
254,vI1_PB5ZffY,AVOID AT ALL COSTS | 3 Scary Games,2841412,147862,8932,UCYzPXprvl5Y-Sf0g4vX-m6g,2021-12-06
255,9GuB8uqQBw0,LISTEN UP,1193966,109449,4736,UCYzPXprvl5Y-Sf0g4vX-m6g,2021-12-04
256,NqEyVuUi4fk,How Did This Happen | Meme Time,2141654,147296,6194,UCYzPXprvl5Y-Sf0g4vX-m6g,2021-12-03
257,wyt8yYZJS3g,Scariest Videos On The Internet #5,5154690,243986,15881,UCYzPXprvl5Y-Sf0g4vX-m6g,2021-12-02
258,Ty0z2--atro,INCREDIBLY SCARY | Bloodwash,4428677,155183,7926,UCYzPXprvl5Y-Sf0g4vX-m6g,2021-12-01
259,ud8sYf0nZcg,*100% IMPOSSIBLE* Try Not To Laugh,4651094,351617,10522,UCYzPXprvl5Y-Sf0g4vX-m6g,2021-11-30
260,gbCZbJiJ5GY,This Website Reviews Youtubers,2221805,167485,9707,UCYzPXprvl5Y-Sf0g4vX-m6g,2021-11-29
261,koiJGtJGiT4,I'M IN THIS GAME,4644460,165147,7227,UCYzPXprvl5Y-Sf0g4vX-m6g,2021-11-28
262,upJPXhzFhG8,What Was It Like To Be In Free Guy With Ryan Reynolds,2179850,169366,6900,UCYzPXprvl5Y-Sf0g4vX-m6g,2021-11-27
263,_LNfiuFtbZI,Experiencing The Titanic Sinking In VR,6237815,215905,13333,UCYzPXprvl5Y-Sf0g4vX-m6g,2021-11-26
264,HyIydWy2mhQ,Addressing The Controversy,3429517,390918,42977,UCYzPXprvl5Y-Sf0g4vX-m6g,2021-11-25
265,AKOtgchxe-I,Showing You MY Favourite TikToks #2,4443290,268645,7121,UCYzPXprvl5Y-Sf0g4vX-m6g,2021-11-24
266,sRk4hEh9jV0,Error #54,1532907,100583,4098,UCYzPXprvl5Y-Sf0g4vX-m6g,2021-11-23
267,hluojGSE4L8,TRYING TO FLY A PLANE ON FIRE | Teardown,2963333,140867,4570,UCYzPXprvl5Y-Sf0g4vX-m6g,2021-11-22
268,iUffBnpBgF4,Never Tell Me the Odds,5746470,281440,8118,UCYzPXprvl5Y-Sf0g4vX-m6g,2021-11-21
269,iqJ-umSbn-0,MY VILLAIN ARC STARTS HERE | Prison Simulator #2,1549251,84285,2768,UCYzPXprvl5Y-Sf0g4vX-m6g,2021-11-20
270,6rvi3wpfQ_w,6 Fans vs. 1 Impostor,891664,66985,2951,UCYzPXprvl5Y-Sf0g4vX-m6g,2021-11-18
271,Oy5ZG1vlkOc,I DESTROYED A HOUSE WITH A METEOR | Teardown,3095119,200904,6746,UCYzPXprvl5Y-Sf0g4vX-m6g,2021-11-17
272,Q3BegjUIY2Y,Prison Simulator,3236734,145984,3790,UCYzPXprvl5Y-Sf0g4vX-m6g,2021-11-16
273,IhuAk3QWrPg,KSI's Thoughts On Jacksepticeye,2129845,168355,10502,UCYzPXprvl5Y-Sf0g4vX-m6g,2021-11-14
274,NbRIsuoghaA,Perfectly Cut Screams #5,4808592,304815,6594,UCYzPXprvl5Y-Sf0g4vX-m6g,2021-11-13
275,9H1LfD5y5r8,I SET AN ENTIRE BUILDING ON FIRE | Teardown,1660012,103268,3704,UCYzPXprvl5Y-Sf0g4vX-m6g,2021-11-11
276,3jVP8gLbpBA,These Life Hacks Are Wild,3946919,221155,6296,UCYzPXprvl5Y-Sf0g4vX-m6g,2021-11-10
277,WdoYxYcsOj4,I DESTROYED A MILLIONAIRE'S MANSION | Teardown,2047100,120335,3932,UCYzPXprvl5Y-Sf0g4vX-m6g,2021-11-09
278,OorH8th4jMg,He Wants Your TEETH,2773236,147465,7311,UCYzPXprvl5Y-Sf0g4vX-m6g,2021-11-08
279,51-XuRhINcU,Try Not To Get Anxious Challenge #5,2694567,236367,6148,UCYzPXprvl5Y-Sf0g4vX-m6g,2021-11-05
280,PPgJHdXM5U8,THIS GAME LETS YOU DESTROY EVERYTHING | Teardown,2135077,143247,5016,UCYzPXprvl5Y-Sf0g4vX-m6g,2021-11-04
281,hAV_GdhnNM4,CHRIS PRATT IS ME | Meme Time,1495082,124710,9447,UCYzPXprvl5Y-Sf0g4vX-m6g,2021-11-03
282,AzmeWJRcnBY,MILDLY INFURIATING,6128890,372816,16669,UCYzPXprvl5Y-Sf0g4vX-m6g,2021-11-02
283,rFrGXFZskeE,GENUINELY TERRIFYING I ALMOST CRIED,4498173,236109,10044,UCYzPXprvl5Y-Sf0g4vX-m6g,2021-10-31
284,yh9Evgt6ZBg,Jacksepticeye Reviews Dune,441901,42717,3328,UCYzPXprvl5Y-Sf0g4vX-m6g,2021-10-30
285,S12f7rpQbjw,SCARIEST GAME IN YEARS | Poppy Playtime,9590886,393202,14112,UCYzPXprvl5Y-Sf0g4vX-m6g,2021-10-29
286,Z2e8oywvjjU,SPEED IS KEY in Riders Republic,1682573,97156,4050,UCYzPXprvl5Y-Sf0g4vX-m6g,2021-10-28
287,HdsSxZAKg2U,Scariest Videos On The Internet #4,3242620,213184,10836,UCYzPXprvl5Y-Sf0g4vX-m6g,2021-10-26
288,UdD8oWB8jfM,What A Wild Ending,2415832,76973,8666,UCYzPXprvl5Y-Sf0g4vX-m6g,2021-10-25
289,-0ea74Fs0H0,The Power Of Light Compels You,1596102,71568,5426,UCYzPXprvl5Y-Sf0g4vX-m6g,2021-10-24
290,xKfzKjk8jhU,Trying To Save My Marriage,1639494,92077,4769,UCYzPXprvl5Y-Sf0g4vX-m6g,2021-10-23
291,OBwc6WOoGuM,World’s Craziest Dating Show | Jacksepticeye's Funniest Home Videos,1938018,147730,5659,UCYzPXprvl5Y-Sf0g4vX-m6g,2021-10-22
292,QNZQJ2Nxblg,Here We Go Again...,3030233,133845,7086,UCYzPXprvl5Y-Sf0g4vX-m6g,2021-10-21
293,Pcse8WBrxXo,I'VE BEEN DOING IT ALL WRONG | PowerWash Simulator #2,2102063,95919,4251,UCYzPXprvl5Y-Sf0g4vX-m6g,2021-10-19
294,3qa5n6--tEg,We Played Squid Game,2525449,137772,3630,UCYzPXprvl5Y-Sf0g4vX-m6g,2021-10-13
295,RLcX22sCpGM,Playing Back 4 Blood (Available on Xbox Game Pass),1493412,54257,1463,UCYzPXprvl5Y-Sf0g4vX-m6g,2021-10-12
296,f1uEBIZykms,THE BIGGEST CREATOR COLLAB OF THE YEAR!,863243,98086,4649,UCYzPXprvl5Y-Sf0g4vX-m6g,2021-10-10
297,-OLBAf5DDVA,SO SATISFYING! | PowerWash Simulator #1,1808734,110142,4059,UCYzPXprvl5Y-Sf0g4vX-m6g,2021-10-09
298,ZZxF5cs3ZjM,Surprise Announcement,3929773,372511,28302,UCYzPXprvl5Y-Sf0g4vX-m6g,2021-10-07
299,NIlM20Hsrho,FAR CRY 6 IS RIDICULOUSLY FUN,2572120,143807,6065,UCYzPXprvl5Y-Sf0g4vX-m6g,2021-10-05
300,bALbhdQBVLM,Minecraft - Drug Mod,1789716,69282,977,UCKqH_9mk1waLgBiL2vT5b9g,2021-10-20
301,b2MBQt_7tBc,First Class Escape Room Funny Moments - The Train of Idiots,1170418,43708,872,UCKqH_9mk1waLgBiL2vT5b9g,2021-10-19
302,UaWztmi19FA,Back 4 Blood - Botmom Gets Left Behind!,1147115,51224,575,UCKqH_9mk1waLgBiL2vT5b9g,2021-10-16
303,kdJRqR_ZnHs,vr chat: squid game - red light green light,3162865,167317,1982,UCKqH_9mk1waLgBiL2vT5b9g,2021-10-15
304,bdPAA2sYKUw,Minecraft Adventure Map - Shut Up Lantern Boy!,1506707,57289,648,UCKqH_9mk1waLgBiL2vT5b9g,2021-10-13
305,P7Gkf9opP6E,Stick Fight Funny Moments - Nogla Quits to be on Tik Tok!,1354551,55317,488,UCKqH_9mk1waLgBiL2vT5b9g,2021-10-11
306,yIW-0ziNEJM,Black Ops 3 Zombies - Spongebob Halloween Map,1470894,61033,969,UCKqH_9mk1waLgBiL2vT5b9g,2021-10-08
307,d0DBA1m0jrM,"Golf It Funny Moments - Wildcat The King of ""Trying to Avoid the Holes""!",2111379,73437,374,UCKqH_9mk1waLgBiL2vT5b9g,2021-10-06
308,S3bdRHk3iTk,Minecraft - Nogla Buys a Broken Version of Minecraft! (Funny Moments),2581468,83479,675,UCKqH_9mk1waLgBiL2vT5b9g,2021-10-05
309,nGjlcl5wN7k,Gartic Phone Funny Moments - Brian's Funeral Catered by Subway!,1955935,74175,678,UCKqH_9mk1waLgBiL2vT5b9g,2021-10-03
310,7sPvVoWrPh0,"World War Z Aftermath Funny Moments - Priviet, My Fellow Italians!",892125,41010,756,UCKqH_9mk1waLgBiL2vT5b9g,2021-10-01
311,Re-EkmN2CPM,GTA 5 - Super Saiyan Snuckel,1706811,77541,1417,UCKqH_9mk1waLgBiL2vT5b9g,2021-09-30
312,ujVkFZuIkQ0,Uno - Let's get riiiight into the Bible,2087768,81501,1013,UCKqH_9mk1waLgBiL2vT5b9g,2021-09-26
313,KKEgskKjM1A,Minecraft - Minorities vs. The White Men (Spleef Mod),1607443,84240,1516,UCKqH_9mk1waLgBiL2vT5b9g,2021-09-25
314,KM7s44UIyZY,vr chat - brian's audition tape,2297198,137276,2125,UCKqH_9mk1waLgBiL2vT5b9g,2021-09-22
315,gh8LQc6pXWQ,Mad Experiments Escape Room Funny Moments - The Delirious Code!,1095137,53463,861,UCKqH_9mk1waLgBiL2vT5b9g,2021-09-21
316,iqvmwh478YM,Devour Funny Moments - Sacrificing Rats with Stephen Hawking,1481857,60198,651,UCKqH_9mk1waLgBiL2vT5b9g,2021-09-18
317,u3fa3DFINDQ,BO3 Zombies Funny Moments - The Hardest Mario Map Ever!,1255354,55308,1115,UCKqH_9mk1waLgBiL2vT5b9g,2021-09-17
318,kwfePkmPVAU,Rogue Company Funny Moments - Moo Can't Stop Dancing!,629373,34956,474,UCKqH_9mk1waLgBiL2vT5b9g,2021-09-15
319,LM2RJj9q9DA,Phasmophobia Funny Moments - Sitting in our Miming Corner!,1276715,54469,1125,UCKqH_9mk1waLgBiL2vT5b9g,2021-09-13
320,62KTknrxq-8,Human Fall Flat Funny Moments - Vanoss Saying Naughty Stuff Again!,1272300,55073,479,UCKqH_9mk1waLgBiL2vT5b9g,2021-09-11
321,J8OoftzYzBs,GTA5 Funny Moments - Kart Krash!,1320375,60366,816,UCKqH_9mk1waLgBiL2vT5b9g,2021-09-09
322,ThzYxdKgbeQ,Pico Park Funny Moments - Morons Try to Sneak Past Ghosts!,2505296,85024,587,UCKqH_9mk1waLgBiL2vT5b9g,2021-09-06
323,_4vuc0Dei6E,Gartic Phone Funny Moments - Your Donations Help Fund Our $#!@ Drawings!,2203683,86669,682,UCKqH_9mk1waLgBiL2vT5b9g,2021-09-05
324,0gk_n1bOr2g,BO3 Zombies Funny Moments - The Laptop Can't Run Minecraft,2228507,85760,718,UCKqH_9mk1waLgBiL2vT5b9g,2021-09-03
325,8EcMSin06oc,Far Cry 6 Funny Moments - Check Out My Wiener Dog!,1477187,63657,604,UCKqH_9mk1waLgBiL2vT5b9g,2021-08-31
326,IJYWa1FAKRA,"Red Dead Redemption 2 - The 1800s Were a ""Different"" Time (Funny Moments)",1925874,96838,1566,UCKqH_9mk1waLgBiL2vT5b9g,2021-08-29
327,wCpu8H0jfbc,Golf It Funny Moments - Custom Made Maps!,2121819,106099,862,UCKqH_9mk1waLgBiL2vT5b9g,2021-08-28
328,4JZSnoHgNwI,Human Fall Flat Funny Moments - Sleepy Brian Surviving Moo's Map!,1464962,55925,606,UCKqH_9mk1waLgBiL2vT5b9g,2021-08-26
329,q_Yggnwv0wk,Minecraft Funny Moments - ASMR Island Challenge,3381909,114128,1381,UCKqH_9mk1waLgBiL2vT5b9g,2021-08-24
330,EE-ZSv0S9Ec,Pico Park Funny Moments - Just Torturing My Friends Again!,2302657,83742,596,UCKqH_9mk1waLgBiL2vT5b9g,2021-08-22
331,RowI-Da-QoU,Chivalry 2 Funny Moments - Battle Crying Our Confessions!,948785,46029,526,UCKqH_9mk1waLgBiL2vT5b9g,2021-08-20
332,V1phx8ZOCKY,GTA5 Funny Moments - The New Prop Hunt Game Mode!,2710609,96931,634,UCKqH_9mk1waLgBiL2vT5b9g,2021-08-18
333,1DWKLLXFNy8,Minecraft Funny Moments - Homer Simpsons Mod!,1925454,67235,930,UCKqH_9mk1waLgBiL2vT5b9g,2021-08-16
334,b51PGUsCcm4,Left 4 Dead 2 Funny Moments - Low Budget Models Ft. Mexican by the Foot!,1863126,66119,828,UCKqH_9mk1waLgBiL2vT5b9g,2021-08-14
335,z8nnWLcQSnA,Golf It Funny Moments - Falling From the Sky Battle Royale Style!,1646216,60639,423,UCKqH_9mk1waLgBiL2vT5b9g,2021-08-12
336,875Ne0M0GYk,Gmod Prop Hunt - Vin Diesel and Family in the Title (Funny Moments),3687437,122703,1298,UCKqH_9mk1waLgBiL2vT5b9g,2021-08-10
337,RQgGVT6IZ5U,"GTA5 Funny Moments - Too Fast, Too Delirious!",2969317,99741,1083,UCKqH_9mk1waLgBiL2vT5b9g,2021-08-08
338,5JiFdbuZvQw,Minecraft Funny Moments - The TOTALLY LEGIT Speedrun!,3973355,100383,1144,UCKqH_9mk1waLgBiL2vT5b9g,2021-08-06
339,QhDM-kL03OI,Pico Park Funny Moments - Why Can't We Be Friends?!,3146470,119674,1002,UCKqH_9mk1waLgBiL2vT5b9g,2021-08-04
340,ALlOrA6_EbI,GTA 5 Mods Funny Moments - Surviving a Chaos Mod in Liberty City?!,2441348,94184,987,UCKqH_9mk1waLgBiL2vT5b9g,2021-08-02
341,0Xyx9rRGRmY,Arcadegeddon Funny Moments - Your Basic TikTok Twitch Streamers!,855974,34171,423,UCKqH_9mk1waLgBiL2vT5b9g,2021-07-30
342,ZtPHCGCJjFU,Uno Funny Moments - The All New Al Wildcat Bot!,1589693,68664,602,UCKqH_9mk1waLgBiL2vT5b9g,2021-07-29
343,bqYaNNF9QSc,Minecraft Funny Moments - We Be Gold Diggers!,2989755,101787,1879,UCKqH_9mk1waLgBiL2vT5b9g,2021-07-27
344,J4G_gy0WEgM,Gartic Phone Funny Moments - Alpha Betas No Censor!,1962537,73247,635,UCKqH_9mk1waLgBiL2vT5b9g,2021-07-25
345,iTbMNTfJYzI,"Stick Fight Funny Moments - It's Over, Nogla!  I Have the High Ground!",1269216,52711,599,UCKqH_9mk1waLgBiL2vT5b9g,2021-07-23
346,rPnGSNbmuxc,GTA 5 Mods - Homer Simpsons Heist! (Alpha Betas Kickstarter Announcement!),2134659,102807,1308,UCKqH_9mk1waLgBiL2vT5b9g,2021-07-21
347,A9o1J8GsocA,Human Fall Flat Funny Moments - Moo is a TryHard!,1105804,54268,794,UCKqH_9mk1waLgBiL2vT5b9g,2021-07-19
348,QN7ZBlTKRrY,GTA5 Funny Moments - Hotdog Submarine Treehouse!,2033289,78746,766,UCKqH_9mk1waLgBiL2vT5b9g,2021-07-17
349,Vq_z5ZoOSUQ,The Greatest Penguin Heist of All Time - Thieving For Nogla's Birthday! (NOOT NOOT),1473223,65127,693,UCKqH_9mk1waLgBiL2vT5b9g,2021-07-15
350,Jc9pMdNTpJo,My Girlfriend found out THE TRUTH..,912982,35737,1909,UCwD4x63A9KC7Si2RuSfg-SA,2021-11-25
351,YNxxtFGeqIE,TWINS vs BROS GYMNASTICS COMPETITION!,525635,24137,1086,UCwD4x63A9KC7Si2RuSfg-SA,2021-11-22
352,fJTDw7q6C2A,SCARY HIDE AND SEEK IN BOXES!,1610638,39012,1366,UCwD4x63A9KC7Si2RuSfg-SA,2021-11-20
353,UEPwIDOSOzg,CLEAR THE WALL Challenge!,1566567,68606,1300,UCwD4x63A9KC7Si2RuSfg-SA,2021-11-19
354,eE6Poy6ULuI,WE BECAME POLICE OFFICERS FOR THE DAY!,788614,24938,814,UCwD4x63A9KC7Si2RuSfg-SA,2021-11-14
355,AfIW1PRBCW0,MY GIRLFRIEND GETS HER WISDOM TEETH REMOVED!,753527,30715,1121,UCwD4x63A9KC7Si2RuSfg-SA,2021-11-11
356,YOaVcKrV9aw,My Twin WENT MISSING at 3am *SCARY*,974541,30600,1644,UCwD4x63A9KC7Si2RuSfg-SA,2021-11-07
357,Dt60A4nahFM,Playing SQUID GAME In Real Life! (Part 2),789392,23747,592,UCwD4x63A9KC7Si2RuSfg-SA,2021-11-06
358,b65Cu4zWCiA,Saying YES to a Subscriber for 24 Hours..,629049,26517,854,UCwD4x63A9KC7Si2RuSfg-SA,2021-11-04
359,iV1ms-lR3Gw,SURPRISING MY GIRLFRIEND WITH 24 GIFTS FOR HER 24TH BIRTHDAY!,1151406,45010,4652,UCwD4x63A9KC7Si2RuSfg-SA,2021-10-31
360,WWHk5cwuJBU,Switching Lives with a Billionaire for 24 HOURS!,731714,39865,946,UCwD4x63A9KC7Si2RuSfg-SA,2021-10-28
361,Arenj9ZBFig,Remaking Our Best Vines!,832280,42328,1769,UCwD4x63A9KC7Si2RuSfg-SA,2021-10-24
362,hwtGRrqjt9k,We Played SQUID GAME in Real Life!,2156841,65856,7924,UCwD4x63A9KC7Si2RuSfg-SA,2021-10-23
363,-0HSzq1Ljs0,LAST TO LEAVE BUGATTI KEEPS IT!,1097418,48534,1260,UCwD4x63A9KC7Si2RuSfg-SA,2021-10-21
364,YJIDC9husak,"Going Swimming at 3AM, Something SCARY Happens...",1093301,32047,1115,UCwD4x63A9KC7Si2RuSfg-SA,2021-10-17
365,wsvERl3tYQA,We ADOPTED TWINS! (BAD IDEA),1282833,36898,1224,UCwD4x63A9KC7Si2RuSfg-SA,2021-10-15
366,GRiBOsAfFY0,Using Only *RED* Things for 24 Hours Challenge! ,698013,35733,2841,UCwD4x63A9KC7Si2RuSfg-SA,2021-10-13
367,RalIOOudlQs,FLIRTING WITH MY CRUSH FOR 24 HOURS!,1163077,63719,1726,UCwD4x63A9KC7Si2RuSfg-SA,2021-10-11
368,7gHLHc2Oe5c,WE OPENED A FREE PET STORE!,1715880,69456,3771,UCwD4x63A9KC7Si2RuSfg-SA,2021-10-06
369,7dUklXHbnkc,Reacting To FUNNY SQUID GAME TikToks,817387,34900,1149,UCwD4x63A9KC7Si2RuSfg-SA,2021-10-04
370,Bdt6mXWV864,"Destroying My Girlfriend's Phone, Then Giving Her an iPhone 13",670650,57799,1369,UCwD4x63A9KC7Si2RuSfg-SA,2021-10-01
371,xf7nP5puyhY,SURPRISING MY TWIN BROTHER WITH A NEW PET! *emotional*,381170,22578,1270,UCwD4x63A9KC7Si2RuSfg-SA,2021-09-28
372,GabjPurWaAc,SPICY VS SWEET FOOD CHALLENGE!,2118410,55589,1926,UCwD4x63A9KC7Si2RuSfg-SA,2021-09-26
373,KpnQY2sfnGQ,Our Little Sister Had a BAD First Day Of School *SAD*,1303888,39749,1502,UCwD4x63A9KC7Si2RuSfg-SA,2021-09-24
374,g7HLQQFzy9I,REACTING TO MY Ex GIRLFRIENDS TikToks.. *SHOCKING*,1300949,52832,1182,UCwD4x63A9KC7Si2RuSfg-SA,2021-09-22
375,oYmu5IQsDOw,MARCUS GETS HIS WISDOM TEETH REMOVED!,905921,35171,1619,UCwD4x63A9KC7Si2RuSfg-SA,2021-09-19
376,doI9tcKHz-g,CRAZY Ex Boyfriend fights for Girlfriend... STRONGEST WINS!,1376067,32388,1086,UCwD4x63A9KC7Si2RuSfg-SA,2021-09-17
377,4BXQQLOlQqc,We Got Surgery,1104235,50017,3175,UCwD4x63A9KC7Si2RuSfg-SA,2021-09-14
378,TBhZMt7wLQE,Rich House vs Poor House,731625,40302,1117,UCwD4x63A9KC7Si2RuSfg-SA,2021-09-13
379,sGMrTX154II,LAST TO LEAVE THE BED WINS!,1038963,41352,1269,UCwD4x63A9KC7Si2RuSfg-SA,2021-09-10
380,PRKYXOaZALQ,My Girlfriend Went Back To Her Ex..,2042134,50425,1828,UCwD4x63A9KC7Si2RuSfg-SA,2021-09-08
381,lgCkkbNUBiM,WE BECAME LIFEGUARDS FOR A DAY!,1079008,32613,1060,UCwD4x63A9KC7Si2RuSfg-SA,2021-09-06
382,Srkr1RkJM4c,WE BOUGHT A NEW HOUSE!,713509,58529,2038,UCwD4x63A9KC7Si2RuSfg-SA,2021-09-03
383,hQJjw8rwfr8,Spider-Man KISSED My Girlfriend!,1271339,32922,1054,UCwD4x63A9KC7Si2RuSfg-SA,2021-09-01
384,tkpfnvvkXSE,"LET'S ""DO IT"" IN THE BACKSEAT PRANK ON GIRLFRIEND!",1594839,54623,1996,UCwD4x63A9KC7Si2RuSfg-SA,2021-08-30
385,gqJ0mdL8s2I,We Stole Carter Sharer Lamborghini *BAD IDEA*,1052410,40706,2097,UCwD4x63A9KC7Si2RuSfg-SA,2021-08-27
386,hMNQr2x-SFg,CRAZY Ex Boyfriend Wants My Girlfriend Back..,3838276,84588,2989,UCwD4x63A9KC7Si2RuSfg-SA,2021-08-25
387,iKFBJ2BwsRI,Embarrassing My Girlfriend In Front Of My Brothers.. *BAD IDEA*,1578689,60411,1553,UCwD4x63A9KC7Si2RuSfg-SA,2021-08-23
388,QOWqcUXymeE,REACTING TO MY CRUSH TikToks.. *BAD IDEA*,3647539,122403,2743,UCwD4x63A9KC7Si2RuSfg-SA,2021-08-20
389,MhTr4lNVavo,Rich Pool vs Poor Pool,3009281,85972,1726,UCwD4x63A9KC7Si2RuSfg-SA,2021-08-18
390,ae03DpEXU3c,SPYING ON MY TWIN BROTHER FOR 24 HOURS!,1523836,51284,1217,UCwD4x63A9KC7Si2RuSfg-SA,2021-08-16
391,-VZnBpvkWe0,DROWNING PRANK ON GIRLFRIEND! *cute reaction*,1524416,48393,1429,UCwD4x63A9KC7Si2RuSfg-SA,2021-08-13
392,T6Qa6HewlPc,"Last To SPEAK Wins $10,000!",1017342,38432,1118,UCwD4x63A9KC7Si2RuSfg-SA,2021-08-11
393,bn1CxK2cSgM,Rich Sister vs Poor Sister,1881637,73640,1573,UCwD4x63A9KC7Si2RuSfg-SA,2021-08-09
394,coKXcHWFZRU,My Ex Girlfriend Wants Me Back..,1733464,78955,2683,UCwD4x63A9KC7Si2RuSfg-SA,2021-08-06
395,7nMi1PVApGA,BODY SWAP With My Girlfriend! (BAD IDEA),957693,32919,1286,UCwD4x63A9KC7Si2RuSfg-SA,2021-08-04
396,9TGii9_qfNY,SURVIVING 24 Hours With $1 DOLLAR ONLY!,597315,35085,1191,UCwD4x63A9KC7Si2RuSfg-SA,2021-07-30
397,S8B25G24y18,SWAPPING BEDROOMS With Our Little Sister! (BAD IDEA),2618726,99647,2349,UCwD4x63A9KC7Si2RuSfg-SA,2021-07-28
398,Sf5Vdssv0k0,Letting our Tesla DECIDE what we EAT for 24 Hours! (SELF DRIVE),1321513,70327,2067,UCwD4x63A9KC7Si2RuSfg-SA,2021-07-26
399,zP6ALicWp0c,An Intruder Broke into our House,1178170,36199,2006,UCwD4x63A9KC7Si2RuSfg-SA,2021-07-23
400,KjmRfL5sEqo,NO BUDGET AT THE ART SUPPLY STORE SHOPPING SPREE + HUGE GIVEAWAY!!,6684474,187417,21828,UClQubH2NeMmGLTLgNdLBwXg,2018-08-31
401,m3jmSrYCWYI,"DRAWING SPIDERMAN in 10 MINUTES, 1 MINUTE & 10 SECONDS!",5883679,143476,4736,UClQubH2NeMmGLTLgNdLBwXg,2018-08-29
402,SpTlal3eBJA,My Dog Picks My Art Supplies!,804029,15164,952,UClQubH2NeMmGLTLgNdLBwXg,2018-08-26
403,bANHJO37O4Q,Draw KSI from his name!,1333775,40899,2308,UClQubH2NeMmGLTLgNdLBwXg,2018-08-24
404,BiYtDvszxW4,"DRAWING THANOS in 10 MINUTES, 1 MINUTE & 10 SECONDS!",159172,3431,504,UClQubH2NeMmGLTLgNdLBwXg,2018-08-23
405,o14eWh04ceQ,"ART ALLIANCE Reacts to DRAW YOURSELF CHALLENGE Entries ft. BoxOfficeArtist, ZHC, Cartoon Block, Flo",139445,3945,424,UClQubH2NeMmGLTLgNdLBwXg,2018-08-22
406,HcHN9ZG6ml4,DRAWING A FANS ORIGINAL CHARACTER!,1428982,34439,2384,UClQubH2NeMmGLTLgNdLBwXg,2018-08-20
407,0IlQIh3qYUs,Teaching my Best Friend How to Draw Buildings,194018,4376,341,UClQubH2NeMmGLTLgNdLBwXg,2018-08-18
408,CeKkPQXugmQ,How I Asked Her To Be My Girlfriend,7867958,204212,8184,UClQubH2NeMmGLTLgNdLBwXg,2018-08-17
409,inP8pRSXd2Q,Unboxing an ART SUPPLY Package! - What's Inside ?!,54589,1643,332,UClQubH2NeMmGLTLgNdLBwXg,2018-08-16
410,mN5FA7kQNjs,Draw Yourself Challenge ft. Flo and ZHC,153003,4099,440,UClQubH2NeMmGLTLgNdLBwXg,2018-08-13
411,mqr4DPhhbf4,Draw Venom from his name,69760,1567,383,UClQubH2NeMmGLTLgNdLBwXg,2018-08-11
412,fK7hGMnsOGk,Chisel Tip VS Brush Tip ~ Copic Marker Art Challenge (drawing with all my copics),1999273,26471,2216,UClQubH2NeMmGLTLgNdLBwXg,2018-08-09
413,o7N9X8JSW18,EPIC VENOM MASHUP ART CHALLENGE!,670423,15181,1847,UClQubH2NeMmGLTLgNdLBwXg,2018-08-07
414,F0SUhexrarM,NOOB vs PRO Character Design Drawing/Art Challenge (Anime Hello Kitty Flash Mashup),62540,1589,344,UClQubH2NeMmGLTLgNdLBwXg,2018-08-05
415,txDWzM3V9MM,I TRIED FOLLOWING A SKILLSHARE ANATOMY TUTORIAL...,43685,1302,283,UClQubH2NeMmGLTLgNdLBwXg,2018-07-30
416,7aB2mXDd0dQ,NO BUDGET AT MICHAELS ART STORE SHOPPING SPREE!! (Starving Artist Clears the Store),1056249,23590,5848,UClQubH2NeMmGLTLgNdLBwXg,2018-07-27
417,3YyQ2-01LYs,ARTIST FACE OFF - DRAWING EACH OTHER AS SUPERHEROES ft. TheBoxOfficeArtist,462996,10576,1733,UClQubH2NeMmGLTLgNdLBwXg,2018-07-24
418,NCjbKHcJJdI,KID'S DESIGN - ARTIST'S DRAWING!,111332,3741,437,UClQubH2NeMmGLTLgNdLBwXg,2018-07-22
419,LyzEGOmKQ6A,Fastest Way to Get Better at Drawing - Q&Ayee,437297,10027,784,UClQubH2NeMmGLTLgNdLBwXg,2018-07-20
420,7xFp9m2ZDjA,I Taught My Best Friend How to Draw Spiderman,1305111,20236,1394,UClQubH2NeMmGLTLgNdLBwXg,2018-07-17
421,FqL2ph5aWbg,DRAWING WITH MY TINDER DATE!!,75313,2209,299,UClQubH2NeMmGLTLgNdLBwXg,2018-07-15
422,QJSlWkQtpx0,Can You Draw With A Pencil Made Of Ice?,662228,11601,702,UClQubH2NeMmGLTLgNdLBwXg,2018-07-13
423,LgTiKJK70rA,Mystery Spin Wheel Speed Drawing Challenge (With a Twist),17044,509,79,UClQubH2NeMmGLTLgNdLBwXg,2018-07-08
424,5d6rgLm7yoU,Draw Yourself Art Challenge Montage (I Asked the ZHC Fam to Draw Themselves),24827,731,119,UClQubH2NeMmGLTLgNdLBwXg,2018-07-05
425,5GvFXG8kDpA,PRO REDRAWS NOOB'S DRAWING - (Hype Skunk) Drawing with my Best Friend Art Challenge,136771,2563,282,UClQubH2NeMmGLTLgNdLBwXg,2018-07-04
426,4mlYeBMM1LY,NO BUDGET AT THE ART STORE SHOPPING SPREE! | ZHC,15251309,246498,14545,UClQubH2NeMmGLTLgNdLBwXg,2018-06-30
427,Zfu140w_icw,Draw Yourself Challenge!,28572,973,108,UClQubH2NeMmGLTLgNdLBwXg,2018-06-25
428,qOyIRs27qKk,Every Artists Dream Come True - (Japan Vlog #2),2065896,37910,2657,UClQubH2NeMmGLTLgNdLBwXg,2018-06-23
429,oroWbR3rkWQ,50 Ways to Draw Textures,36947,1203,129,UClQubH2NeMmGLTLgNdLBwXg,2018-06-19
430,B37QCzuZKZc,50 Ways to Add Texture to Your Artwork (IMPROVE YOUR DRAWINGS!),27212,1069,196,UClQubH2NeMmGLTLgNdLBwXg,2018-06-16
431,XOvpwT6QfRc,EPIC Kratos God of War Art - How to Draw Kratos - Step by Step Drawing Tutorial,42430,1453,269,UClQubH2NeMmGLTLgNdLBwXg,2018-06-15
432,vsrbVa0CMck,"ART ROULETTE SPIN WHEEL GAME (You Spin It, You Draw It...) Surprise Mystery Wheel",99521,2539,455,UClQubH2NeMmGLTLgNdLBwXg,2018-06-13
433,UUR33XaVPmI,SIRI TELLS ME WHAT TO DRAW,485320,9268,808,UClQubH2NeMmGLTLgNdLBwXg,2018-06-12
434,bWBzGZmGAbQ,Turning a Picture into a Detailed Cartoon,22366,830,202,UClQubH2NeMmGLTLgNdLBwXg,2018-06-11
435,8pDy6mVnvFs,My First Date With Michelle,304565,7897,692,UClQubH2NeMmGLTLgNdLBwXg,2018-06-10
436,g54Ln2M1EVE,PRO REDRAWS NOOB'S DRAWING - Drawing with my Best Friend Art Challenge (Bee Boii),50084,1255,257,UClQubH2NeMmGLTLgNdLBwXg,2018-06-09
437,YHikgUlyedk,How to Ink Using a Dip Pen ft. Pro Inker Jimmy Reyes,83417,2601,249,UClQubH2NeMmGLTLgNdLBwXg,2018-06-08
438,tXGBiazcTfg,My Comic Book Sample for MARVEL!!! (6 Wolverine Sample Pages),106670,3422,395,UClQubH2NeMmGLTLgNdLBwXg,2018-06-07
439,XtpSym3ps0Q,NOOB vs PRO 3D Pen Llama from Fortnite Battle Royale,411262,7321,343,UClQubH2NeMmGLTLgNdLBwXg,2018-06-06
440,J9dOIIPyki0,Kratos God of War Drawing (Comic Book Style) + Original Art Giveaway,50993,1812,642,UClQubH2NeMmGLTLgNdLBwXg,2018-06-04
441,LKj1BS2TDLU,PRO REDRAWS NOOB'S DRAWING - Character Design with my Best Friend Drawing Art Challenge (Lego Man),146939,2010,348,UClQubH2NeMmGLTLgNdLBwXg,2018-06-03
442,TR46hMncBhg,How to Draw Deadpool,119226,2945,296,UClQubH2NeMmGLTLgNdLBwXg,2018-05-31
443,n9czSm9Yzk4,How to Draw Shadows - How to Shade an Entire Figure (Easy Step by Step Drawing Tutorial),463641,14157,680,UClQubH2NeMmGLTLgNdLBwXg,2018-05-30
444,v4osE4T-34s,Deadpool DRAWING! - Deadpool 2 Movie Inspired Art + Reaction,30609,942,196,UClQubH2NeMmGLTLgNdLBwXg,2018-05-29
445,8CSXpQnceeQ,9 Things You Can Draw With an ELECTRIC ERASER (Bring Your Drawings to the Next Level),66239,1508,198,UClQubH2NeMmGLTLgNdLBwXg,2018-05-28
446,RAu9odj71Yc,My FAVORITE Art Tool for Drawing INSANE Amounts of Detail - EVERYONE NEEDS TO USE THIS!,71628,1801,215,UClQubH2NeMmGLTLgNdLBwXg,2018-05-26
447,uO8XDfTlsWw,PRO Left Hand vs NOOB Right Hand - Drawing with my Best Friend Art Challenge,340000,4909,725,UClQubH2NeMmGLTLgNdLBwXg,2018-05-26
448,3KYMhq7iwuY,How to Draw Legs (Comic Book Style) Pencil Drawing Tutorial,215579,5616,415,UClQubH2NeMmGLTLgNdLBwXg,2018-05-25
449,qcO_xcNiaXI,What's inside a Copic Wide Marker?,272337,3922,690,UClQubH2NeMmGLTLgNdLBwXg,2018-05-24
